
<annotation>
    <folder>images</folder>
    <filename>roadsigns8728.png</filename>
    <size>
        <width>600</width>
        <height>337</height>
        <depth>3</depth>
    </size>
    <segmented>0</segmented>
    <object>
        <name>traffic light</name>
        <pose>Unspecified</pose>
        <truncated>0</truncated>
        <occluded>0</occluded>
        <difficult>0</difficult>
        <bndbox>
            <xmin>176</xmin>
            <ymin>139</ymin>
            <xmax>186</xmax>
            <ymax>156</ymax>
        </bndbox>
    </object>
    <object>
        <name>traffic light</name>
        <pose>Unspecified</pose>
        <truncated>0</truncated>
        <occluded>0</occluded>
        <difficult>0</difficult>
        <bndbox>
            <xmin>272</xmin>
            <ymin>152</ymin>
            <xmax>280</xmax>
            <ymax>165</ymax>
        </bndbox>
    </object>
    <object>
        <name>car</name>
        <pose>Unspecified</pose>
        <truncated>0</truncated>
        <occluded>0</occluded>
        <difficult>0</difficult>
        <bndbox>
            <xmin>249</xmin>
            <ymin>208</ymin>
            <xmax>352</xmax>
            <ymax>279</ymax>
        </bndbox>
    </object>
    <object>
        <name>car</name>
        <pose>Unspecified</pose>
        <truncated>0</truncated>
        <occluded>0</occluded>
        <difficult>0</difficult>
        <bndbox>
            <xmin>200</xmin>
            <ymin>216</ymin>
            <xmax>235</xmax>
            <ymax>246</ymax>
        </bndbox>
    </object>
    <object>
        <name>car</name>
        <pose>Unspecified</pose>
        <truncated>0</truncated>
        <occluded>0</occluded>
        <difficult>0</difficult>
        <bndbox>
            <xmin>178</xmin>
            <ymin>221</ymin>
            <xmax>190</xmax>
            <ymax>236</ymax>
        </bndbox>
    </object>
    <object>
        <name>car</name>
        <pose>Unspecified</pose>
        <truncated>0</truncated>
        <occluded>0</occluded>
        <difficult>0</difficult>
        <bndbox>
            <xmin>134</xmin>
            <ymin>219</ymin>
            <xmax>187</xmax>
            <ymax>257</ymax>
        </bndbox>
    </object>
    <object>
        <name>traffic sign</name>
        <pose>Unspecified</pose>
        <truncated>0</truncated>
        <occluded>0</occluded>
        <difficult>0</difficult>
        <bndbox>
            <xmin>2</xmin>
            <ymin>246</ymin>
            <xmax>28</xmax>
            <ymax>258</ymax>
        </bndbox>
    </object>
    <object>
        <name>traffic sign</name>
        <pose>Unspecified</pose>
        <truncated>0</truncated>
        <occluded>0</occluded>
        <difficult>0</difficult>
        <bndbox>
            <xmin>132</xmin>
            <ymin>195</ymin>
            <xmax>141</xmax>
            <ymax>205</ymax>
        </bndbox>
    </object>
    <object>
        <name>traffic sign</name>
        <pose>Unspecified</pose>
        <truncated>0</truncated>
        <occluded>0</occluded>
        <difficult>0</difficult>
        <bndbox>
            <xmin>133</xmin>
            <ymin>205</ymin>
            <xmax>141</xmax>
            <ymax>213</ymax>
        </bndbox>
    </object>
    <object>
        <name>traffic light</name>
        <pose>Unspecified</pose>
        <truncated>0</truncated>
        <occluded>0</occluded>
        <difficult>0</difficult>
        <bndbox>
            <xmin>150</xmin>
            <ymin>213</ymin>
            <xmax>157</xmax>
            <ymax>221</ymax>
        </bndbox>
    </object>
    <object>
        <name>traffic light</name>
        <pose>Unspecified</pose>
        <truncated>0</truncated>
        <occluded>0</occluded>
        <difficult>0</difficult>
        <bndbox>
            <xmin>142</xmin>
            <ymin>213</ymin>
            <xmax>147</xmax>
            <ymax>219</ymax>
        </bndbox>
    </object>
    <object>
        <name>traffic sign</name>
        <pose>Unspecified</pose>
        <truncated>0</truncated>
        <occluded>0</occluded>
        <difficult>0</difficult>
        <bndbox>
            <xmin>204</xmin>
            <ymin>208</ymin>
            <xmax>209</xmax>
            <ymax>222</ymax>
        </bndbox>
    </object>
    <object>
        <name>bus</name>
        <pose>Unspecified</pose>
        <truncated>0</truncated>
        <occluded>0</occluded>
        <difficult>0</difficult>
        <bndbox>
            <xmin>340</xmin>
            <ymin>125</ymin>
            <xmax>599</xmax>
            <ymax>318</ymax>
        </bndbox>
    </object>
</annotation>