
<annotation>
    <folder>images</folder>
    <filename>roadsigns6687.png</filename>
    <size>
        <width>600</width>
        <height>337</height>
        <depth>3</depth>
    </size>
    <segmented>0</segmented>
    <object>
        <name>car</name>
        <pose>Unspecified</pose>
        <truncated>0</truncated>
        <occluded>0</occluded>
        <difficult>0</difficult>
        <bndbox>
            <xmin>417</xmin>
            <ymin>155</ymin>
            <xmax>444</xmax>
            <ymax>170</ymax>
        </bndbox>
    </object>
    <object>
        <name>car</name>
        <pose>Unspecified</pose>
        <truncated>0</truncated>
        <occluded>0</occluded>
        <difficult>0</difficult>
        <bndbox>
            <xmin>93</xmin>
            <ymin>135</ymin>
            <xmax>237</xmax>
            <ymax>218</ymax>
        </bndbox>
    </object>
    <object>
        <name>traffic sign</name>
        <pose>Unspecified</pose>
        <truncated>0</truncated>
        <occluded>0</occluded>
        <difficult>0</difficult>
        <bndbox>
            <xmin>59</xmin>
            <ymin>152</ymin>
            <xmax>81</xmax>
            <ymax>174</ymax>
        </bndbox>
    </object>
    <object>
        <name>traffic sign</name>
        <pose>Unspecified</pose>
        <truncated>0</truncated>
        <occluded>0</occluded>
        <difficult>0</difficult>
        <bndbox>
            <xmin>324</xmin>
            <ymin>158</ymin>
            <xmax>332</xmax>
            <ymax>165</ymax>
        </bndbox>
    </object>
    <object>
        <name>traffic sign</name>
        <pose>Unspecified</pose>
        <truncated>0</truncated>
        <occluded>0</occluded>
        <difficult>0</difficult>
        <bndbox>
            <xmin>415</xmin>
            <ymin>156</ymin>
            <xmax>418</xmax>
            <ymax>164</ymax>
        </bndbox>
    </object>
</annotation>