
<annotation>
    <folder>images</folder>
    <filename>roadsigns6656.png</filename>
    <size>
        <width>600</width>
        <height>337</height>
        <depth>3</depth>
    </size>
    <segmented>0</segmented>
    <object>
        <name>car</name>
        <pose>Unspecified</pose>
        <truncated>0</truncated>
        <occluded>0</occluded>
        <difficult>0</difficult>
        <bndbox>
            <xmin>278</xmin>
            <ymin>158</ymin>
            <xmax>303</xmax>
            <ymax>205</ymax>
        </bndbox>
    </object>
    <object>
        <name>car</name>
        <pose>Unspecified</pose>
        <truncated>0</truncated>
        <occluded>0</occluded>
        <difficult>0</difficult>
        <bndbox>
            <xmin>290</xmin>
            <ymin>103</ymin>
            <xmax>533</xmax>
            <ymax>273</ymax>
        </bndbox>
    </object>
    <object>
        <name>car</name>
        <pose>Unspecified</pose>
        <truncated>0</truncated>
        <occluded>0</occluded>
        <difficult>0</difficult>
        <bndbox>
            <xmin>162</xmin>
            <ymin>160</ymin>
            <xmax>228</xmax>
            <ymax>182</ymax>
        </bndbox>
    </object>
    <object>
        <name>car</name>
        <pose>Unspecified</pose>
        <truncated>0</truncated>
        <occluded>0</occluded>
        <difficult>0</difficult>
        <bndbox>
            <xmin>70</xmin>
            <ymin>153</ymin>
            <xmax>152</xmax>
            <ymax>204</ymax>
        </bndbox>
    </object>
    <object>
        <name>car</name>
        <pose>Unspecified</pose>
        <truncated>0</truncated>
        <occluded>0</occluded>
        <difficult>0</difficult>
        <bndbox>
            <xmin>417</xmin>
            <ymin>153</ymin>
            <xmax>599</xmax>
            <ymax>337</ymax>
        </bndbox>
    </object>
    <object>
        <name>car</name>
        <pose>Unspecified</pose>
        <truncated>0</truncated>
        <occluded>0</occluded>
        <difficult>0</difficult>
        <bndbox>
            <xmin>0</xmin>
            <ymin>141</ymin>
            <xmax>49</xmax>
            <ymax>235</ymax>
        </bndbox>
    </object>
    <object>
        <name>traffic sign</name>
        <pose>Unspecified</pose>
        <truncated>0</truncated>
        <occluded>0</occluded>
        <difficult>0</difficult>
        <bndbox>
            <xmin>79</xmin>
            <ymin>118</ymin>
            <xmax>100</xmax>
            <ymax>139</ymax>
        </bndbox>
    </object>
    <object>
        <name>traffic sign</name>
        <pose>Unspecified</pose>
        <truncated>0</truncated>
        <occluded>0</occluded>
        <difficult>0</difficult>
        <bndbox>
            <xmin>219</xmin>
            <ymin>140</ymin>
            <xmax>227</xmax>
            <ymax>150</ymax>
        </bndbox>
    </object>
    <object>
        <name>traffic sign</name>
        <pose>Unspecified</pose>
        <truncated>0</truncated>
        <occluded>0</occluded>
        <difficult>0</difficult>
        <bndbox>
            <xmin>116</xmin>
            <ymin>134</ymin>
            <xmax>124</xmax>
            <ymax>142</ymax>
        </bndbox>
    </object>
    <object>
        <name>traffic sign</name>
        <pose>Unspecified</pose>
        <truncated>0</truncated>
        <occluded>0</occluded>
        <difficult>0</difficult>
        <bndbox>
            <xmin>439</xmin>
            <ymin>61</ymin>
            <xmax>457</xmax>
            <ymax>78</ymax>
        </bndbox>
    </object>
</annotation>