
<annotation>
    <folder>images</folder>
    <filename>roadsigns6688.png</filename>
    <size>
        <width>600</width>
        <height>337</height>
        <depth>3</depth>
    </size>
    <segmented>0</segmented>
    <object>
        <name>truck</name>
        <pose>Unspecified</pose>
        <truncated>0</truncated>
        <occluded>0</occluded>
        <difficult>0</difficult>
        <bndbox>
            <xmin>340</xmin>
            <ymin>142</ymin>
            <xmax>387</xmax>
            <ymax>158</ymax>
        </bndbox>
    </object>
    <object>
        <name>car</name>
        <pose>Unspecified</pose>
        <truncated>0</truncated>
        <occluded>0</occluded>
        <difficult>0</difficult>
        <bndbox>
            <xmin>342</xmin>
            <ymin>154</ymin>
            <xmax>360</xmax>
            <ymax>162</ymax>
        </bndbox>
    </object>
    <object>
        <name>car</name>
        <pose>Unspecified</pose>
        <truncated>0</truncated>
        <occluded>0</occluded>
        <difficult>0</difficult>
        <bndbox>
            <xmin>336</xmin>
            <ymin>154</ymin>
            <xmax>349</xmax>
            <ymax>162</ymax>
        </bndbox>
    </object>
    <object>
        <name>car</name>
        <pose>Unspecified</pose>
        <truncated>0</truncated>
        <occluded>0</occluded>
        <difficult>0</difficult>
        <bndbox>
            <xmin>294</xmin>
            <ymin>153</ymin>
            <xmax>312</xmax>
            <ymax>169</ymax>
        </bndbox>
    </object>
    <object>
        <name>car</name>
        <pose>Unspecified</pose>
        <truncated>0</truncated>
        <occluded>0</occluded>
        <difficult>0</difficult>
        <bndbox>
            <xmin>395</xmin>
            <ymin>151</ymin>
            <xmax>406</xmax>
            <ymax>157</ymax>
        </bndbox>
    </object>
    <object>
        <name>car</name>
        <pose>Unspecified</pose>
        <truncated>0</truncated>
        <occluded>0</occluded>
        <difficult>0</difficult>
        <bndbox>
            <xmin>408</xmin>
            <ymin>153</ymin>
            <xmax>421</xmax>
            <ymax>160</ymax>
        </bndbox>
    </object>
    <object>
        <name>car</name>
        <pose>Unspecified</pose>
        <truncated>0</truncated>
        <occluded>0</occluded>
        <difficult>0</difficult>
        <bndbox>
            <xmin>427</xmin>
            <ymin>152</ymin>
            <xmax>438</xmax>
            <ymax>162</ymax>
        </bndbox>
    </object>
    <object>
        <name>car</name>
        <pose>Unspecified</pose>
        <truncated>0</truncated>
        <occluded>0</occluded>
        <difficult>0</difficult>
        <bndbox>
            <xmin>439</xmin>
            <ymin>158</ymin>
            <xmax>470</xmax>
            <ymax>181</ymax>
        </bndbox>
    </object>
    <object>
        <name>car</name>
        <pose>Unspecified</pose>
        <truncated>0</truncated>
        <occluded>0</occluded>
        <difficult>0</difficult>
        <bndbox>
            <xmin>77</xmin>
            <ymin>140</ymin>
            <xmax>180</xmax>
            <ymax>203</ymax>
        </bndbox>
    </object>
    <object>
        <name>bus</name>
        <pose>Unspecified</pose>
        <truncated>0</truncated>
        <occluded>0</occluded>
        <difficult>0</difficult>
        <bndbox>
            <xmin>245</xmin>
            <ymin>132</ymin>
            <xmax>300</xmax>
            <ymax>174</ymax>
        </bndbox>
    </object>
    <object>
        <name>car</name>
        <pose>Unspecified</pose>
        <truncated>0</truncated>
        <occluded>0</occluded>
        <difficult>0</difficult>
        <bndbox>
            <xmin>208</xmin>
            <ymin>145</ymin>
            <xmax>270</xmax>
            <ymax>181</ymax>
        </bndbox>
    </object>
    <object>
        <name>car</name>
        <pose>Unspecified</pose>
        <truncated>0</truncated>
        <occluded>0</occluded>
        <difficult>0</difficult>
        <bndbox>
            <xmin>0</xmin>
            <ymin>147</ymin>
            <xmax>94</xmax>
            <ymax>221</ymax>
        </bndbox>
    </object>
    <object>
        <name>car</name>
        <pose>Unspecified</pose>
        <truncated>0</truncated>
        <occluded>0</occluded>
        <difficult>0</difficult>
        <bndbox>
            <xmin>458</xmin>
            <ymin>141</ymin>
            <xmax>540</xmax>
            <ymax>195</ymax>
        </bndbox>
    </object>
    <object>
        <name>traffic light</name>
        <pose>Unspecified</pose>
        <truncated>0</truncated>
        <occluded>0</occluded>
        <difficult>0</difficult>
        <bndbox>
            <xmin>359</xmin>
            <ymin>136</ymin>
            <xmax>365</xmax>
            <ymax>141</ymax>
        </bndbox>
    </object>
    <object>
        <name>traffic light</name>
        <pose>Unspecified</pose>
        <truncated>0</truncated>
        <occluded>0</occluded>
        <difficult>0</difficult>
        <bndbox>
            <xmin>392</xmin>
            <ymin>138</ymin>
            <xmax>396</xmax>
            <ymax>144</ymax>
        </bndbox>
    </object>
</annotation>