
<annotation>
    <folder>images</folder>
    <filename>roadsigns9027.png</filename>
    <size>
        <width>600</width>
        <height>337</height>
        <depth>3</depth>
    </size>
    <segmented>0</segmented>
    <object>
        <name>person</name>
        <pose>Unspecified</pose>
        <truncated>0</truncated>
        <occluded>0</occluded>
        <difficult>0</difficult>
        <bndbox>
            <xmin>54</xmin>
            <ymin>100</ymin>
            <xmax>75</xmax>
            <ymax>159</ymax>
        </bndbox>
    </object>
    <object>
        <name>person</name>
        <pose>Unspecified</pose>
        <truncated>0</truncated>
        <occluded>0</occluded>
        <difficult>0</difficult>
        <bndbox>
            <xmin>29</xmin>
            <ymin>99</ymin>
            <xmax>58</xmax>
            <ymax>161</ymax>
        </bndbox>
    </object>
    <object>
        <name>person</name>
        <pose>Unspecified</pose>
        <truncated>0</truncated>
        <occluded>0</occluded>
        <difficult>0</difficult>
        <bndbox>
            <xmin>46</xmin>
            <ymin>97</ymin>
            <xmax>55</xmax>
            <ymax>115</ymax>
        </bndbox>
    </object>
    <object>
        <name>person</name>
        <pose>Unspecified</pose>
        <truncated>0</truncated>
        <occluded>0</occluded>
        <difficult>0</difficult>
        <bndbox>
            <xmin>435</xmin>
            <ymin>93</ymin>
            <xmax>447</xmax>
            <ymax>122</ymax>
        </bndbox>
    </object>
    <object>
        <name>person</name>
        <pose>Unspecified</pose>
        <truncated>0</truncated>
        <occluded>0</occluded>
        <difficult>0</difficult>
        <bndbox>
            <xmin>543</xmin>
            <ymin>89</ymin>
            <xmax>552</xmax>
            <ymax>108</ymax>
        </bndbox>
    </object>
    <object>
        <name>person</name>
        <pose>Unspecified</pose>
        <truncated>0</truncated>
        <occluded>0</occluded>
        <difficult>0</difficult>
        <bndbox>
            <xmin>551</xmin>
            <ymin>89</ymin>
            <xmax>559</xmax>
            <ymax>106</ymax>
        </bndbox>
    </object>
    <object>
        <name>traffic light</name>
        <pose>Unspecified</pose>
        <truncated>0</truncated>
        <occluded>0</occluded>
        <difficult>0</difficult>
        <bndbox>
            <xmin>357</xmin>
            <ymin>4</ymin>
            <xmax>367</xmax>
            <ymax>28</ymax>
        </bndbox>
    </object>
    <object>
        <name>traffic light</name>
        <pose>Unspecified</pose>
        <truncated>0</truncated>
        <occluded>0</occluded>
        <difficult>0</difficult>
        <bndbox>
            <xmin>256</xmin>
            <ymin>0</ymin>
            <xmax>264</xmax>
            <ymax>16</ymax>
        </bndbox>
    </object>
    <object>
        <name>car</name>
        <pose>Unspecified</pose>
        <truncated>0</truncated>
        <occluded>0</occluded>
        <difficult>0</difficult>
        <bndbox>
            <xmin>344</xmin>
            <ymin>102</ymin>
            <xmax>404</xmax>
            <ymax>125</ymax>
        </bndbox>
    </object>
    <object>
        <name>bus</name>
        <pose>Unspecified</pose>
        <truncated>0</truncated>
        <occluded>0</occluded>
        <difficult>0</difficult>
        <bndbox>
            <xmin>287</xmin>
            <ymin>80</ymin>
            <xmax>330</xmax>
            <ymax>125</ymax>
        </bndbox>
    </object>
    <object>
        <name>person</name>
        <pose>Unspecified</pose>
        <truncated>0</truncated>
        <occluded>0</occluded>
        <difficult>0</difficult>
        <bndbox>
            <xmin>583</xmin>
            <ymin>84</ymin>
            <xmax>589</xmax>
            <ymax>95</ymax>
        </bndbox>
    </object>
    <object>
        <name>person</name>
        <pose>Unspecified</pose>
        <truncated>0</truncated>
        <occluded>0</occluded>
        <difficult>0</difficult>
        <bndbox>
            <xmin>572</xmin>
            <ymin>84</ymin>
            <xmax>580</xmax>
            <ymax>100</ymax>
        </bndbox>
    </object>
    <object>
        <name>car</name>
        <pose>Unspecified</pose>
        <truncated>0</truncated>
        <occluded>0</occluded>
        <difficult>0</difficult>
        <bndbox>
            <xmin>571</xmin>
            <ymin>89</ymin>
            <xmax>599</xmax>
            <ymax>111</ymax>
        </bndbox>
    </object>
    <object>
        <name>traffic light</name>
        <pose>Unspecified</pose>
        <truncated>0</truncated>
        <occluded>0</occluded>
        <difficult>0</difficult>
        <bndbox>
            <xmin>530</xmin>
            <ymin>68</ymin>
            <xmax>535</xmax>
            <ymax>77</ymax>
        </bndbox>
    </object>
    <object>
        <name>car</name>
        <pose>Unspecified</pose>
        <truncated>0</truncated>
        <occluded>0</occluded>
        <difficult>0</difficult>
        <bndbox>
            <xmin>441</xmin>
            <ymin>89</ymin>
            <xmax>470</xmax>
            <ymax>113</ymax>
        </bndbox>
    </object>
</annotation>