
<annotation>
    <folder>images</folder>
    <filename>phones106.png</filename>
    <size>
        <width>400</width>
        <height>267</height>
        <depth>3</depth>
    </size>
    <segmented>0</segmented>
    <object>
        <name>phone</name>
        <pose>Unspecified</pose>
        <truncated>0</truncated>
        <occluded>0</occluded>
        <difficult>0</difficult>
        <bndbox>
            <xmin>169</xmin>
            <ymin>67</ymin>
            <xmax>268</xmax>
            <ymax>235</ymax>
        </bndbox>
    </object>
</annotation>