
<annotation>
    <folder>images</folder>
    <filename>phones88.png</filename>
    <size>
        <width>400</width>
        <height>267</height>
        <depth>3</depth>
    </size>
    <segmented>0</segmented>
    <object>
        <name>phone</name>
        <pose>Unspecified</pose>
        <truncated>0</truncated>
        <occluded>0</occluded>
        <difficult>0</difficult>
        <bndbox>
            <xmin>139</xmin>
            <ymin>85</ymin>
            <xmax>285</xmax>
            <ymax>204</ymax>
        </bndbox>
    </object>
</annotation>