
<annotation>
    <folder>images</folder>
    <filename>phones177.png</filename>
    <size>
        <width>320</width>
        <height>400</height>
        <depth>3</depth>
    </size>
    <segmented>0</segmented>
    <object>
        <name>phone</name>
        <pose>Unspecified</pose>
        <truncated>0</truncated>
        <occluded>0</occluded>
        <difficult>0</difficult>
        <bndbox>
            <xmin>72</xmin>
            <ymin>78</ymin>
            <xmax>213</xmax>
            <ymax>353</ymax>
        </bndbox>
    </object>
</annotation>