
<annotation>
    <folder>images</folder>
    <filename>phones158.png</filename>
    <size>
        <width>320</width>
        <height>400</height>
        <depth>3</depth>
    </size>
    <segmented>0</segmented>
    <object>
        <name>phone</name>
        <pose>Unspecified</pose>
        <truncated>0</truncated>
        <occluded>0</occluded>
        <difficult>0</difficult>
        <bndbox>
            <xmin>91</xmin>
            <ymin>69</ymin>
            <xmax>225</xmax>
            <ymax>333</ymax>
        </bndbox>
    </object>
</annotation>