
<annotation>
    <folder>images</folder>
    <filename>phones70.png</filename>
    <size>
        <width>267</width>
        <height>400</height>
        <depth>3</depth>
    </size>
    <segmented>0</segmented>
    <object>
        <name>phone</name>
        <pose>Unspecified</pose>
        <truncated>0</truncated>
        <occluded>0</occluded>
        <difficult>0</difficult>
        <bndbox>
            <xmin>18</xmin>
            <ymin>156</ymin>
            <xmax>228</xmax>
            <ymax>346</ymax>
        </bndbox>
    </object>
    <object>
        <name>phone</name>
        <pose>Unspecified</pose>
        <truncated>0</truncated>
        <occluded>0</occluded>
        <difficult>0</difficult>
        <bndbox>
            <xmin>55</xmin>
            <ymin>44</ymin>
            <xmax>245</xmax>
            <ymax>204</ymax>
        </bndbox>
    </object>
</annotation>