
<annotation>
    <folder>images</folder>
    <filename>phones75.png</filename>
    <size>
        <width>320</width>
        <height>400</height>
        <depth>3</depth>
    </size>
    <segmented>0</segmented>
    <object>
        <name>phone</name>
        <pose>Unspecified</pose>
        <truncated>0</truncated>
        <occluded>0</occluded>
        <difficult>0</difficult>
        <bndbox>
            <xmin>110</xmin>
            <ymin>103</ymin>
            <xmax>216</xmax>
            <ymax>317</ymax>
        </bndbox>
    </object>
</annotation>