
<annotation>
    <folder>images</folder>
    <filename>roadsigns12177.png</filename>
    <size>
        <width>600</width>
        <height>337</height>
        <depth>3</depth>
    </size>
    <segmented>0</segmented>
    <object>
        <name>car</name>
        <pose>Unspecified</pose>
        <truncated>0</truncated>
        <occluded>0</occluded>
        <difficult>0</difficult>
        <bndbox>
            <xmin>231</xmin>
            <ymin>166</ymin>
            <xmax>243</xmax>
            <ymax>176</ymax>
        </bndbox>
    </object>
    <object>
        <name>car</name>
        <pose>Unspecified</pose>
        <truncated>0</truncated>
        <occluded>0</occluded>
        <difficult>0</difficult>
        <bndbox>
            <xmin>212</xmin>
            <ymin>164</ymin>
            <xmax>231</xmax>
            <ymax>177</ymax>
        </bndbox>
    </object>
    <object>
        <name>car</name>
        <pose>Unspecified</pose>
        <truncated>0</truncated>
        <occluded>0</occluded>
        <difficult>0</difficult>
        <bndbox>
            <xmin>172</xmin>
            <ymin>159</ymin>
            <xmax>206</xmax>
            <ymax>183</ymax>
        </bndbox>
    </object>
    <object>
        <name>traffic sign</name>
        <pose>Unspecified</pose>
        <truncated>0</truncated>
        <occluded>0</occluded>
        <difficult>0</difficult>
        <bndbox>
            <xmin>305</xmin>
            <ymin>150</ymin>
            <xmax>314</xmax>
            <ymax>159</ymax>
        </bndbox>
    </object>
</annotation>