
<annotation>
    <folder>images</folder>
    <filename>roadsigns8253.png</filename>
    <size>
        <width>600</width>
        <height>337</height>
        <depth>3</depth>
    </size>
    <segmented>0</segmented>
    <object>
        <name>traffic light</name>
        <pose>Unspecified</pose>
        <truncated>0</truncated>
        <occluded>0</occluded>
        <difficult>0</difficult>
        <bndbox>
            <xmin>230</xmin>
            <ymin>47</ymin>
            <xmax>235</xmax>
            <ymax>55</ymax>
        </bndbox>
    </object>
    <object>
        <name>traffic light</name>
        <pose>Unspecified</pose>
        <truncated>0</truncated>
        <occluded>0</occluded>
        <difficult>0</difficult>
        <bndbox>
            <xmin>292</xmin>
            <ymin>61</ymin>
            <xmax>297</xmax>
            <ymax>67</ymax>
        </bndbox>
    </object>
    <object>
        <name>truck</name>
        <pose>Unspecified</pose>
        <truncated>0</truncated>
        <occluded>0</occluded>
        <difficult>0</difficult>
        <bndbox>
            <xmin>0</xmin>
            <ymin>22</ymin>
            <xmax>147</xmax>
            <ymax>206</ymax>
        </bndbox>
    </object>
    <object>
        <name>truck</name>
        <pose>Unspecified</pose>
        <truncated>0</truncated>
        <occluded>0</occluded>
        <difficult>0</difficult>
        <bndbox>
            <xmin>164</xmin>
            <ymin>58</ymin>
            <xmax>220</xmax>
            <ymax>110</ymax>
        </bndbox>
    </object>
    <object>
        <name>truck</name>
        <pose>Unspecified</pose>
        <truncated>0</truncated>
        <occluded>0</occluded>
        <difficult>0</difficult>
        <bndbox>
            <xmin>210</xmin>
            <ymin>64</ymin>
            <xmax>235</xmax>
            <ymax>88</ymax>
        </bndbox>
    </object>
    <object>
        <name>car</name>
        <pose>Unspecified</pose>
        <truncated>0</truncated>
        <occluded>0</occluded>
        <difficult>0</difficult>
        <bndbox>
            <xmin>244</xmin>
            <ymin>63</ymin>
            <xmax>299</xmax>
            <ymax>117</ymax>
        </bndbox>
    </object>
    <object>
        <name>car</name>
        <pose>Unspecified</pose>
        <truncated>0</truncated>
        <occluded>0</occluded>
        <difficult>0</difficult>
        <bndbox>
            <xmin>131</xmin>
            <ymin>82</ymin>
            <xmax>190</xmax>
            <ymax>125</ymax>
        </bndbox>
    </object>
    <object>
        <name>car</name>
        <pose>Unspecified</pose>
        <truncated>0</truncated>
        <occluded>0</occluded>
        <difficult>0</difficult>
        <bndbox>
            <xmin>227</xmin>
            <ymin>75</ymin>
            <xmax>246</xmax>
            <ymax>107</ymax>
        </bndbox>
    </object>
    <object>
        <name>car</name>
        <pose>Unspecified</pose>
        <truncated>0</truncated>
        <occluded>0</occluded>
        <difficult>0</difficult>
        <bndbox>
            <xmin>212</xmin>
            <ymin>80</ymin>
            <xmax>228</xmax>
            <ymax>95</ymax>
        </bndbox>
    </object>
    <object>
        <name>car</name>
        <pose>Unspecified</pose>
        <truncated>0</truncated>
        <occluded>0</occluded>
        <difficult>0</difficult>
        <bndbox>
            <xmin>317</xmin>
            <ymin>64</ymin>
            <xmax>344</xmax>
            <ymax>80</ymax>
        </bndbox>
    </object>
    <object>
        <name>traffic sign</name>
        <pose>Unspecified</pose>
        <truncated>0</truncated>
        <occluded>0</occluded>
        <difficult>0</difficult>
        <bndbox>
            <xmin>293</xmin>
            <ymin>42</ymin>
            <xmax>297</xmax>
            <ymax>46</ymax>
        </bndbox>
    </object>
    <object>
        <name>car</name>
        <pose>Unspecified</pose>
        <truncated>0</truncated>
        <occluded>0</occluded>
        <difficult>0</difficult>
        <bndbox>
            <xmin>231</xmin>
            <ymin>76</ymin>
            <xmax>242</xmax>
            <ymax>79</ymax>
        </bndbox>
    </object>
    <object>
        <name>traffic sign</name>
        <pose>Unspecified</pose>
        <truncated>0</truncated>
        <occluded>0</occluded>
        <difficult>0</difficult>
        <bndbox>
            <xmin>299</xmin>
            <ymin>46</ymin>
            <xmax>307</xmax>
            <ymax>49</ymax>
        </bndbox>
    </object>
</annotation>