
<annotation>
    <folder>images</folder>
    <filename>roadsigns5869.png</filename>
    <size>
        <width>600</width>
        <height>337</height>
        <depth>3</depth>
    </size>
    <segmented>0</segmented>
    <object>
        <name>car</name>
        <pose>Unspecified</pose>
        <truncated>0</truncated>
        <occluded>0</occluded>
        <difficult>0</difficult>
        <bndbox>
            <xmin>270</xmin>
            <ymin>102</ymin>
            <xmax>296</xmax>
            <ymax>112</ymax>
        </bndbox>
    </object>
    <object>
        <name>car</name>
        <pose>Unspecified</pose>
        <truncated>0</truncated>
        <occluded>0</occluded>
        <difficult>0</difficult>
        <bndbox>
            <xmin>232</xmin>
            <ymin>99</ymin>
            <xmax>264</xmax>
            <ymax>112</ymax>
        </bndbox>
    </object>
    <object>
        <name>car</name>
        <pose>Unspecified</pose>
        <truncated>0</truncated>
        <occluded>0</occluded>
        <difficult>0</difficult>
        <bndbox>
            <xmin>5</xmin>
            <ymin>94</ymin>
            <xmax>118</xmax>
            <ymax>125</ymax>
        </bndbox>
    </object>
    <object>
        <name>car</name>
        <pose>Unspecified</pose>
        <truncated>0</truncated>
        <occluded>0</occluded>
        <difficult>0</difficult>
        <bndbox>
            <xmin>360</xmin>
            <ymin>104</ymin>
            <xmax>379</xmax>
            <ymax>117</ymax>
        </bndbox>
    </object>
    <object>
        <name>car</name>
        <pose>Unspecified</pose>
        <truncated>0</truncated>
        <occluded>0</occluded>
        <difficult>0</difficult>
        <bndbox>
            <xmin>326</xmin>
            <ymin>101</ymin>
            <xmax>354</xmax>
            <ymax>124</ymax>
        </bndbox>
    </object>
</annotation>