
<annotation>
    <folder>images</folder>
    <filename>roadsigns5758.png</filename>
    <size>
        <width>600</width>
        <height>337</height>
        <depth>3</depth>
    </size>
    <segmented>0</segmented>
    <object>
        <name>rider</name>
        <pose>Unspecified</pose>
        <truncated>0</truncated>
        <occluded>0</occluded>
        <difficult>0</difficult>
        <bndbox>
            <xmin>1</xmin>
            <ymin>116</ymin>
            <xmax>27</xmax>
            <ymax>166</ymax>
        </bndbox>
    </object>
    <object>
        <name>bike</name>
        <pose>Unspecified</pose>
        <truncated>0</truncated>
        <occluded>0</occluded>
        <difficult>0</difficult>
        <bndbox>
            <xmin>0</xmin>
            <ymin>133</ymin>
            <xmax>40</xmax>
            <ymax>170</ymax>
        </bndbox>
    </object>
    <object>
        <name>traffic sign</name>
        <pose>Unspecified</pose>
        <truncated>0</truncated>
        <occluded>0</occluded>
        <difficult>0</difficult>
        <bndbox>
            <xmin>43</xmin>
            <ymin>53</ymin>
            <xmax>54</xmax>
            <ymax>66</ymax>
        </bndbox>
    </object>
    <object>
        <name>traffic light</name>
        <pose>Unspecified</pose>
        <truncated>0</truncated>
        <occluded>0</occluded>
        <difficult>0</difficult>
        <bndbox>
            <xmin>41</xmin>
            <ymin>69</ymin>
            <xmax>53</xmax>
            <ymax>102</ymax>
        </bndbox>
    </object>
    <object>
        <name>traffic light</name>
        <pose>Unspecified</pose>
        <truncated>0</truncated>
        <occluded>0</occluded>
        <difficult>0</difficult>
        <bndbox>
            <xmin>54</xmin>
            <ymin>68</ymin>
            <xmax>70</xmax>
            <ymax>101</ymax>
        </bndbox>
    </object>
    <object>
        <name>traffic sign</name>
        <pose>Unspecified</pose>
        <truncated>0</truncated>
        <occluded>0</occluded>
        <difficult>0</difficult>
        <bndbox>
            <xmin>62</xmin>
            <ymin>103</ymin>
            <xmax>73</xmax>
            <ymax>125</ymax>
        </bndbox>
    </object>
    <object>
        <name>traffic sign</name>
        <pose>Unspecified</pose>
        <truncated>0</truncated>
        <occluded>0</occluded>
        <difficult>0</difficult>
        <bndbox>
            <xmin>311</xmin>
            <ymin>74</ymin>
            <xmax>328</xmax>
            <ymax>90</ymax>
        </bndbox>
    </object>
    <object>
        <name>traffic sign</name>
        <pose>Unspecified</pose>
        <truncated>0</truncated>
        <occluded>0</occluded>
        <difficult>0</difficult>
        <bndbox>
            <xmin>322</xmin>
            <ymin>0</ymin>
            <xmax>351</xmax>
            <ymax>43</ymax>
        </bndbox>
    </object>
    <object>
        <name>traffic sign</name>
        <pose>Unspecified</pose>
        <truncated>0</truncated>
        <occluded>0</occluded>
        <difficult>0</difficult>
        <bndbox>
            <xmin>343</xmin>
            <ymin>88</ymin>
            <xmax>359</xmax>
            <ymax>103</ymax>
        </bndbox>
    </object>
    <object>
        <name>traffic sign</name>
        <pose>Unspecified</pose>
        <truncated>0</truncated>
        <occluded>0</occluded>
        <difficult>0</difficult>
        <bndbox>
            <xmin>344</xmin>
            <ymin>103</ymin>
            <xmax>359</xmax>
            <ymax>116</ymax>
        </bndbox>
    </object>
    <object>
        <name>traffic sign</name>
        <pose>Unspecified</pose>
        <truncated>0</truncated>
        <occluded>0</occluded>
        <difficult>0</difficult>
        <bndbox>
            <xmin>340</xmin>
            <ymin>115</ymin>
            <xmax>358</xmax>
            <ymax>133</ymax>
        </bndbox>
    </object>
    <object>
        <name>traffic sign</name>
        <pose>Unspecified</pose>
        <truncated>0</truncated>
        <occluded>0</occluded>
        <difficult>0</difficult>
        <bndbox>
            <xmin>322</xmin>
            <ymin>101</ymin>
            <xmax>336</xmax>
            <ymax>113</ymax>
        </bndbox>
    </object>
    <object>
        <name>traffic sign</name>
        <pose>Unspecified</pose>
        <truncated>0</truncated>
        <occluded>0</occluded>
        <difficult>0</difficult>
        <bndbox>
            <xmin>322</xmin>
            <ymin>110</ymin>
            <xmax>346</xmax>
            <ymax>122</ymax>
        </bndbox>
    </object>
    <object>
        <name>person</name>
        <pose>Unspecified</pose>
        <truncated>0</truncated>
        <occluded>0</occluded>
        <difficult>0</difficult>
        <bndbox>
            <xmin>314</xmin>
            <ymin>135</ymin>
            <xmax>322</xmax>
            <ymax>151</ymax>
        </bndbox>
    </object>
    <object>
        <name>person</name>
        <pose>Unspecified</pose>
        <truncated>0</truncated>
        <occluded>0</occluded>
        <difficult>0</difficult>
        <bndbox>
            <xmin>318</xmin>
            <ymin>134</ymin>
            <xmax>326</xmax>
            <ymax>157</ymax>
        </bndbox>
    </object>
    <object>
        <name>person</name>
        <pose>Unspecified</pose>
        <truncated>0</truncated>
        <occluded>0</occluded>
        <difficult>0</difficult>
        <bndbox>
            <xmin>322</xmin>
            <ymin>134</ymin>
            <xmax>329</xmax>
            <ymax>160</ymax>
        </bndbox>
    </object>
    <object>
        <name>person</name>
        <pose>Unspecified</pose>
        <truncated>0</truncated>
        <occluded>0</occluded>
        <difficult>0</difficult>
        <bndbox>
            <xmin>340</xmin>
            <ymin>132</ymin>
            <xmax>347</xmax>
            <ymax>148</ymax>
        </bndbox>
    </object>
    <object>
        <name>person</name>
        <pose>Unspecified</pose>
        <truncated>0</truncated>
        <occluded>0</occluded>
        <difficult>0</difficult>
        <bndbox>
            <xmin>365</xmin>
            <ymin>130</ymin>
            <xmax>374</xmax>
            <ymax>156</ymax>
        </bndbox>
    </object>
    <object>
        <name>person</name>
        <pose>Unspecified</pose>
        <truncated>0</truncated>
        <occluded>0</occluded>
        <difficult>0</difficult>
        <bndbox>
            <xmin>371</xmin>
            <ymin>132</ymin>
            <xmax>380</xmax>
            <ymax>155</ymax>
        </bndbox>
    </object>
    <object>
        <name>bike</name>
        <pose>Unspecified</pose>
        <truncated>0</truncated>
        <occluded>0</occluded>
        <difficult>0</difficult>
        <bndbox>
            <xmin>334</xmin>
            <ymin>151</ymin>
            <xmax>355</xmax>
            <ymax>179</ymax>
        </bndbox>
    </object>
    <object>
        <name>person</name>
        <pose>Unspecified</pose>
        <truncated>0</truncated>
        <occluded>0</occluded>
        <difficult>0</difficult>
        <bndbox>
            <xmin>96</xmin>
            <ymin>127</ymin>
            <xmax>104</xmax>
            <ymax>147</ymax>
        </bndbox>
    </object>
    <object>
        <name>person</name>
        <pose>Unspecified</pose>
        <truncated>0</truncated>
        <occluded>0</occluded>
        <difficult>0</difficult>
        <bndbox>
            <xmin>64</xmin>
            <ymin>128</ymin>
            <xmax>72</xmax>
            <ymax>135</ymax>
        </bndbox>
    </object>
    <object>
        <name>person</name>
        <pose>Unspecified</pose>
        <truncated>0</truncated>
        <occluded>0</occluded>
        <difficult>0</difficult>
        <bndbox>
            <xmin>105</xmin>
            <ymin>128</ymin>
            <xmax>113</xmax>
            <ymax>137</ymax>
        </bndbox>
    </object>
    <object>
        <name>car</name>
        <pose>Unspecified</pose>
        <truncated>0</truncated>
        <occluded>0</occluded>
        <difficult>0</difficult>
        <bndbox>
            <xmin>11</xmin>
            <ymin>125</ymin>
            <xmax>63</xmax>
            <ymax>149</ymax>
        </bndbox>
    </object>
    <object>
        <name>car</name>
        <pose>Unspecified</pose>
        <truncated>0</truncated>
        <occluded>0</occluded>
        <difficult>0</difficult>
        <bndbox>
            <xmin>61</xmin>
            <ymin>131</ymin>
            <xmax>99</xmax>
            <ymax>150</ymax>
        </bndbox>
    </object>
    <object>
        <name>car</name>
        <pose>Unspecified</pose>
        <truncated>0</truncated>
        <occluded>0</occluded>
        <difficult>0</difficult>
        <bndbox>
            <xmin>126</xmin>
            <ymin>131</ymin>
            <xmax>155</xmax>
            <ymax>150</ymax>
        </bndbox>
    </object>
    <object>
        <name>car</name>
        <pose>Unspecified</pose>
        <truncated>0</truncated>
        <occluded>0</occluded>
        <difficult>0</difficult>
        <bndbox>
            <xmin>229</xmin>
            <ymin>136</ymin>
            <xmax>236</xmax>
            <ymax>143</ymax>
        </bndbox>
    </object>
    <object>
        <name>car</name>
        <pose>Unspecified</pose>
        <truncated>0</truncated>
        <occluded>0</occluded>
        <difficult>0</difficult>
        <bndbox>
            <xmin>214</xmin>
            <ymin>133</ymin>
            <xmax>232</xmax>
            <ymax>144</ymax>
        </bndbox>
    </object>
    <object>
        <name>car</name>
        <pose>Unspecified</pose>
        <truncated>0</truncated>
        <occluded>0</occluded>
        <difficult>0</difficult>
        <bndbox>
            <xmin>265</xmin>
            <ymin>134</ymin>
            <xmax>275</xmax>
            <ymax>144</ymax>
        </bndbox>
    </object>
    <object>
        <name>car</name>
        <pose>Unspecified</pose>
        <truncated>0</truncated>
        <occluded>0</occluded>
        <difficult>0</difficult>
        <bndbox>
            <xmin>289</xmin>
            <ymin>133</ymin>
            <xmax>295</xmax>
            <ymax>138</ymax>
        </bndbox>
    </object>
    <object>
        <name>car</name>
        <pose>Unspecified</pose>
        <truncated>0</truncated>
        <occluded>0</occluded>
        <difficult>0</difficult>
        <bndbox>
            <xmin>285</xmin>
            <ymin>135</ymin>
            <xmax>294</xmax>
            <ymax>144</ymax>
        </bndbox>
    </object>
    <object>
        <name>car</name>
        <pose>Unspecified</pose>
        <truncated>0</truncated>
        <occluded>0</occluded>
        <difficult>0</difficult>
        <bndbox>
            <xmin>274</xmin>
            <ymin>136</ymin>
            <xmax>289</xmax>
            <ymax>147</ymax>
        </bndbox>
    </object>
    <object>
        <name>car</name>
        <pose>Unspecified</pose>
        <truncated>0</truncated>
        <occluded>0</occluded>
        <difficult>0</difficult>
        <bndbox>
            <xmin>293</xmin>
            <ymin>138</ymin>
            <xmax>311</xmax>
            <ymax>152</ymax>
        </bndbox>
    </object>
    <object>
        <name>car</name>
        <pose>Unspecified</pose>
        <truncated>0</truncated>
        <occluded>0</occluded>
        <difficult>0</difficult>
        <bndbox>
            <xmin>230</xmin>
            <ymin>135</ymin>
            <xmax>247</xmax>
            <ymax>156</ymax>
        </bndbox>
    </object>
    <object>
        <name>car</name>
        <pose>Unspecified</pose>
        <truncated>0</truncated>
        <occluded>0</occluded>
        <difficult>0</difficult>
        <bndbox>
            <xmin>236</xmin>
            <ymin>132</ymin>
            <xmax>279</xmax>
            <ymax>173</ymax>
        </bndbox>
    </object>
    <object>
        <name>car</name>
        <pose>Unspecified</pose>
        <truncated>0</truncated>
        <occluded>0</occluded>
        <difficult>0</difficult>
        <bndbox>
            <xmin>129</xmin>
            <ymin>128</ymin>
            <xmax>227</xmax>
            <ymax>192</ymax>
        </bndbox>
    </object>
    <object>
        <name>traffic light</name>
        <pose>Unspecified</pose>
        <truncated>0</truncated>
        <occluded>0</occluded>
        <difficult>0</difficult>
        <bndbox>
            <xmin>103</xmin>
            <ymin>1</ymin>
            <xmax>122</xmax>
            <ymax>12</ymax>
        </bndbox>
    </object>
</annotation>