
<annotation>
    <folder>images</folder>
    <filename>roadsigns7933.png</filename>
    <size>
        <width>600</width>
        <height>337</height>
        <depth>3</depth>
    </size>
    <segmented>0</segmented>
    <object>
        <name>car</name>
        <pose>Unspecified</pose>
        <truncated>0</truncated>
        <occluded>0</occluded>
        <difficult>0</difficult>
        <bndbox>
            <xmin>167</xmin>
            <ymin>177</ymin>
            <xmax>197</xmax>
            <ymax>194</ymax>
        </bndbox>
    </object>
    <object>
        <name>car</name>
        <pose>Unspecified</pose>
        <truncated>0</truncated>
        <occluded>0</occluded>
        <difficult>0</difficult>
        <bndbox>
            <xmin>204</xmin>
            <ymin>179</ymin>
            <xmax>222</xmax>
            <ymax>188</ymax>
        </bndbox>
    </object>
    <object>
        <name>traffic sign</name>
        <pose>Unspecified</pose>
        <truncated>0</truncated>
        <occluded>0</occluded>
        <difficult>0</difficult>
        <bndbox>
            <xmin>365</xmin>
            <ymin>147</ymin>
            <xmax>377</xmax>
            <ymax>157</ymax>
        </bndbox>
    </object>
    <object>
        <name>traffic sign</name>
        <pose>Unspecified</pose>
        <truncated>0</truncated>
        <occluded>0</occluded>
        <difficult>0</difficult>
        <bndbox>
            <xmin>236</xmin>
            <ymin>151</ymin>
            <xmax>248</xmax>
            <ymax>162</ymax>
        </bndbox>
    </object>
    <object>
        <name>traffic light</name>
        <pose>Unspecified</pose>
        <truncated>0</truncated>
        <occluded>0</occluded>
        <difficult>0</difficult>
        <bndbox>
            <xmin>236</xmin>
            <ymin>167</ymin>
            <xmax>244</xmax>
            <ymax>171</ymax>
        </bndbox>
    </object>
</annotation>