
<annotation>
    <folder>images</folder>
    <filename>phones23.png</filename>
    <size>
        <width>353</width>
        <height>400</height>
        <depth>3</depth>
    </size>
    <segmented>0</segmented>
    <object>
        <name>phone</name>
        <pose>Unspecified</pose>
        <truncated>0</truncated>
        <occluded>0</occluded>
        <difficult>0</difficult>
        <bndbox>
            <xmin>272</xmin>
            <ymin>199</ymin>
            <xmax>327</xmax>
            <ymax>316</ymax>
        </bndbox>
    </object>
</annotation>