
<annotation>
    <folder>images</folder>
    <filename>roadsigns7403.png</filename>
    <size>
        <width>600</width>
        <height>337</height>
        <depth>3</depth>
    </size>
    <segmented>0</segmented>
    <object>
        <name>car</name>
        <pose>Unspecified</pose>
        <truncated>0</truncated>
        <occluded>0</occluded>
        <difficult>0</difficult>
        <bndbox>
            <xmin>529</xmin>
            <ymin>150</ymin>
            <xmax>598</xmax>
            <ymax>221</ymax>
        </bndbox>
    </object>
    <object>
        <name>traffic light</name>
        <pose>Unspecified</pose>
        <truncated>0</truncated>
        <occluded>0</occluded>
        <difficult>0</difficult>
        <bndbox>
            <xmin>253</xmin>
            <ymin>88</ymin>
            <xmax>257</xmax>
            <ymax>102</ymax>
        </bndbox>
    </object>
    <object>
        <name>traffic light</name>
        <pose>Unspecified</pose>
        <truncated>0</truncated>
        <occluded>0</occluded>
        <difficult>0</difficult>
        <bndbox>
            <xmin>214</xmin>
            <ymin>101</ymin>
            <xmax>219</xmax>
            <ymax>113</ymax>
        </bndbox>
    </object>
    <object>
        <name>traffic light</name>
        <pose>Unspecified</pose>
        <truncated>0</truncated>
        <occluded>0</occluded>
        <difficult>0</difficult>
        <bndbox>
            <xmin>170</xmin>
            <ymin>125</ymin>
            <xmax>175</xmax>
            <ymax>132</ymax>
        </bndbox>
    </object>
    <object>
        <name>traffic light</name>
        <pose>Unspecified</pose>
        <truncated>0</truncated>
        <occluded>0</occluded>
        <difficult>0</difficult>
        <bndbox>
            <xmin>99</xmin>
            <ymin>128</ymin>
            <xmax>110</xmax>
            <ymax>131</ymax>
        </bndbox>
    </object>
    <object>
        <name>traffic light</name>
        <pose>Unspecified</pose>
        <truncated>0</truncated>
        <occluded>0</occluded>
        <difficult>0</difficult>
        <bndbox>
            <xmin>161</xmin>
            <ymin>124</ymin>
            <xmax>167</xmax>
            <ymax>131</ymax>
        </bndbox>
    </object>
    <object>
        <name>traffic sign</name>
        <pose>Unspecified</pose>
        <truncated>0</truncated>
        <occluded>0</occluded>
        <difficult>0</difficult>
        <bndbox>
            <xmin>237</xmin>
            <ymin>132</ymin>
            <xmax>244</xmax>
            <ymax>140</ymax>
        </bndbox>
    </object>
    <object>
        <name>traffic sign</name>
        <pose>Unspecified</pose>
        <truncated>0</truncated>
        <occluded>0</occluded>
        <difficult>0</difficult>
        <bndbox>
            <xmin>210</xmin>
            <ymin>117</ymin>
            <xmax>217</xmax>
            <ymax>121</ymax>
        </bndbox>
    </object>
    <object>
        <name>traffic sign</name>
        <pose>Unspecified</pose>
        <truncated>0</truncated>
        <occluded>0</occluded>
        <difficult>0</difficult>
        <bndbox>
            <xmin>24</xmin>
            <ymin>87</ymin>
            <xmax>39</xmax>
            <ymax>104</ymax>
        </bndbox>
    </object>
    <object>
        <name>car</name>
        <pose>Unspecified</pose>
        <truncated>0</truncated>
        <occluded>0</occluded>
        <difficult>0</difficult>
        <bndbox>
            <xmin>235</xmin>
            <ymin>147</ymin>
            <xmax>252</xmax>
            <ymax>155</ymax>
        </bndbox>
    </object>
    <object>
        <name>car</name>
        <pose>Unspecified</pose>
        <truncated>0</truncated>
        <occluded>0</occluded>
        <difficult>0</difficult>
        <bndbox>
            <xmin>198</xmin>
            <ymin>144</ymin>
            <xmax>220</xmax>
            <ymax>161</ymax>
        </bndbox>
    </object>
    <object>
        <name>car</name>
        <pose>Unspecified</pose>
        <truncated>0</truncated>
        <occluded>0</occluded>
        <difficult>0</difficult>
        <bndbox>
            <xmin>180</xmin>
            <ymin>143</ymin>
            <xmax>208</xmax>
            <ymax>169</ymax>
        </bndbox>
    </object>
    <object>
        <name>car</name>
        <pose>Unspecified</pose>
        <truncated>0</truncated>
        <occluded>0</occluded>
        <difficult>0</difficult>
        <bndbox>
            <xmin>133</xmin>
            <ymin>137</ymin>
            <xmax>181</xmax>
            <ymax>171</ymax>
        </bndbox>
    </object>
    <object>
        <name>car</name>
        <pose>Unspecified</pose>
        <truncated>0</truncated>
        <occluded>0</occluded>
        <difficult>0</difficult>
        <bndbox>
            <xmin>19</xmin>
            <ymin>140</ymin>
            <xmax>89</xmax>
            <ymax>173</ymax>
        </bndbox>
    </object>
    <object>
        <name>car</name>
        <pose>Unspecified</pose>
        <truncated>0</truncated>
        <occluded>0</occluded>
        <difficult>0</difficult>
        <bndbox>
            <xmin>248</xmin>
            <ymin>87</ymin>
            <xmax>487</xmax>
            <ymax>278</ymax>
        </bndbox>
    </object>
    <object>
        <name>car</name>
        <pose>Unspecified</pose>
        <truncated>0</truncated>
        <occluded>0</occluded>
        <difficult>0</difficult>
        <bndbox>
            <xmin>1</xmin>
            <ymin>140</ymin>
            <xmax>23</xmax>
            <ymax>174</ymax>
        </bndbox>
    </object>
    <object>
        <name>car</name>
        <pose>Unspecified</pose>
        <truncated>0</truncated>
        <occluded>0</occluded>
        <difficult>0</difficult>
        <bndbox>
            <xmin>83</xmin>
            <ymin>141</ymin>
            <xmax>128</xmax>
            <ymax>164</ymax>
        </bndbox>
    </object>
</annotation>