
<annotation>
    <folder>images</folder>
    <filename>roadsigns7555.png</filename>
    <size>
        <width>600</width>
        <height>337</height>
        <depth>3</depth>
    </size>
    <segmented>0</segmented>
    <object>
        <name>traffic sign</name>
        <pose>Unspecified</pose>
        <truncated>0</truncated>
        <occluded>0</occluded>
        <difficult>0</difficult>
        <bndbox>
            <xmin>74</xmin>
            <ymin>102</ymin>
            <xmax>89</xmax>
            <ymax>110</ymax>
        </bndbox>
    </object>
    <object>
        <name>traffic light</name>
        <pose>Unspecified</pose>
        <truncated>0</truncated>
        <occluded>0</occluded>
        <difficult>0</difficult>
        <bndbox>
            <xmin>137</xmin>
            <ymin>1</ymin>
            <xmax>149</xmax>
            <ymax>9</ymax>
        </bndbox>
    </object>
    <object>
        <name>traffic light</name>
        <pose>Unspecified</pose>
        <truncated>0</truncated>
        <occluded>0</occluded>
        <difficult>0</difficult>
        <bndbox>
            <xmin>129</xmin>
            <ymin>0</ymin>
            <xmax>136</xmax>
            <ymax>13</ymax>
        </bndbox>
    </object>
    <object>
        <name>traffic light</name>
        <pose>Unspecified</pose>
        <truncated>0</truncated>
        <occluded>0</occluded>
        <difficult>0</difficult>
        <bndbox>
            <xmin>152</xmin>
            <ymin>0</ymin>
            <xmax>163</xmax>
            <ymax>11</ymax>
        </bndbox>
    </object>
    <object>
        <name>traffic light</name>
        <pose>Unspecified</pose>
        <truncated>0</truncated>
        <occluded>0</occluded>
        <difficult>0</difficult>
        <bndbox>
            <xmin>499</xmin>
            <ymin>31</ymin>
            <xmax>527</xmax>
            <ymax>48</ymax>
        </bndbox>
    </object>
    <object>
        <name>person</name>
        <pose>Unspecified</pose>
        <truncated>0</truncated>
        <occluded>0</occluded>
        <difficult>0</difficult>
        <bndbox>
            <xmin>398</xmin>
            <ymin>87</ymin>
            <xmax>408</xmax>
            <ymax>110</ymax>
        </bndbox>
    </object>
    <object>
        <name>person</name>
        <pose>Unspecified</pose>
        <truncated>0</truncated>
        <occluded>0</occluded>
        <difficult>0</difficult>
        <bndbox>
            <xmin>382</xmin>
            <ymin>93</ymin>
            <xmax>391</xmax>
            <ymax>106</ymax>
        </bndbox>
    </object>
    <object>
        <name>person</name>
        <pose>Unspecified</pose>
        <truncated>0</truncated>
        <occluded>0</occluded>
        <difficult>0</difficult>
        <bndbox>
            <xmin>376</xmin>
            <ymin>95</ymin>
            <xmax>385</xmax>
            <ymax>108</ymax>
        </bndbox>
    </object>
    <object>
        <name>bike</name>
        <pose>Unspecified</pose>
        <truncated>0</truncated>
        <occluded>0</occluded>
        <difficult>0</difficult>
        <bndbox>
            <xmin>381</xmin>
            <ymin>105</ymin>
            <xmax>394</xmax>
            <ymax>120</ymax>
        </bndbox>
    </object>
    <object>
        <name>traffic sign</name>
        <pose>Unspecified</pose>
        <truncated>0</truncated>
        <occluded>0</occluded>
        <difficult>0</difficult>
        <bndbox>
            <xmin>194</xmin>
            <ymin>102</ymin>
            <xmax>202</xmax>
            <ymax>113</ymax>
        </bndbox>
    </object>
    <object>
        <name>car</name>
        <pose>Unspecified</pose>
        <truncated>0</truncated>
        <occluded>0</occluded>
        <difficult>0</difficult>
        <bndbox>
            <xmin>334</xmin>
            <ymin>93</ymin>
            <xmax>375</xmax>
            <ymax>125</ymax>
        </bndbox>
    </object>
    <object>
        <name>car</name>
        <pose>Unspecified</pose>
        <truncated>0</truncated>
        <occluded>0</occluded>
        <difficult>0</difficult>
        <bndbox>
            <xmin>333</xmin>
            <ymin>107</ymin>
            <xmax>339</xmax>
            <ymax>125</ymax>
        </bndbox>
    </object>
    <object>
        <name>car</name>
        <pose>Unspecified</pose>
        <truncated>0</truncated>
        <occluded>0</occluded>
        <difficult>0</difficult>
        <bndbox>
            <xmin>327</xmin>
            <ymin>102</ymin>
            <xmax>336</xmax>
            <ymax>121</ymax>
        </bndbox>
    </object>
    <object>
        <name>car</name>
        <pose>Unspecified</pose>
        <truncated>0</truncated>
        <occluded>0</occluded>
        <difficult>0</difficult>
        <bndbox>
            <xmin>316</xmin>
            <ymin>108</ymin>
            <xmax>328</xmax>
            <ymax>118</ymax>
        </bndbox>
    </object>
    <object>
        <name>car</name>
        <pose>Unspecified</pose>
        <truncated>0</truncated>
        <occluded>0</occluded>
        <difficult>0</difficult>
        <bndbox>
            <xmin>313</xmin>
            <ymin>108</ymin>
            <xmax>315</xmax>
            <ymax>114</ymax>
        </bndbox>
    </object>
    <object>
        <name>car</name>
        <pose>Unspecified</pose>
        <truncated>0</truncated>
        <occluded>0</occluded>
        <difficult>0</difficult>
        <bndbox>
            <xmin>312</xmin>
            <ymin>104</ymin>
            <xmax>319</xmax>
            <ymax>114</ymax>
        </bndbox>
    </object>
    <object>
        <name>car</name>
        <pose>Unspecified</pose>
        <truncated>0</truncated>
        <occluded>0</occluded>
        <difficult>0</difficult>
        <bndbox>
            <xmin>301</xmin>
            <ymin>109</ymin>
            <xmax>306</xmax>
            <ymax>114</ymax>
        </bndbox>
    </object>
    <object>
        <name>car</name>
        <pose>Unspecified</pose>
        <truncated>0</truncated>
        <occluded>0</occluded>
        <difficult>0</difficult>
        <bndbox>
            <xmin>280</xmin>
            <ymin>113</ymin>
            <xmax>292</xmax>
            <ymax>123</ymax>
        </bndbox>
    </object>
    <object>
        <name>car</name>
        <pose>Unspecified</pose>
        <truncated>0</truncated>
        <occluded>0</occluded>
        <difficult>0</difficult>
        <bndbox>
            <xmin>289</xmin>
            <ymin>111</ymin>
            <xmax>297</xmax>
            <ymax>121</ymax>
        </bndbox>
    </object>
</annotation>