
<annotation>
    <folder>images</folder>
    <filename>roadsigns14927.png</filename>
    <size>
        <width>600</width>
        <height>337</height>
        <depth>3</depth>
    </size>
    <segmented>0</segmented>
    <object>
        <name>traffic sign</name>
        <pose>Unspecified</pose>
        <truncated>0</truncated>
        <occluded>0</occluded>
        <difficult>0</difficult>
        <bndbox>
            <xmin>146</xmin>
            <ymin>140</ymin>
            <xmax>155</xmax>
            <ymax>153</ymax>
        </bndbox>
    </object>
    <object>
        <name>traffic sign</name>
        <pose>Unspecified</pose>
        <truncated>0</truncated>
        <occluded>0</occluded>
        <difficult>0</difficult>
        <bndbox>
            <xmin>315</xmin>
            <ymin>150</ymin>
            <xmax>323</xmax>
            <ymax>162</ymax>
        </bndbox>
    </object>
    <object>
        <name>traffic light</name>
        <pose>Unspecified</pose>
        <truncated>0</truncated>
        <occluded>0</occluded>
        <difficult>0</difficult>
        <bndbox>
            <xmin>234</xmin>
            <ymin>161</ymin>
            <xmax>237</xmax>
            <ymax>166</ymax>
        </bndbox>
    </object>
    <object>
        <name>traffic light</name>
        <pose>Unspecified</pose>
        <truncated>0</truncated>
        <occluded>0</occluded>
        <difficult>0</difficult>
        <bndbox>
            <xmin>257</xmin>
            <ymin>151</ymin>
            <xmax>261</xmax>
            <ymax>157</ymax>
        </bndbox>
    </object>
    <object>
        <name>traffic light</name>
        <pose>Unspecified</pose>
        <truncated>0</truncated>
        <occluded>0</occluded>
        <difficult>0</difficult>
        <bndbox>
            <xmin>256</xmin>
            <ymin>158</ymin>
            <xmax>259</xmax>
            <ymax>164</ymax>
        </bndbox>
    </object>
    <object>
        <name>traffic light</name>
        <pose>Unspecified</pose>
        <truncated>0</truncated>
        <occluded>0</occluded>
        <difficult>0</difficult>
        <bndbox>
            <xmin>249</xmin>
            <ymin>160</ymin>
            <xmax>251</xmax>
            <ymax>167</ymax>
        </bndbox>
    </object>
    <object>
        <name>traffic light</name>
        <pose>Unspecified</pose>
        <truncated>0</truncated>
        <occluded>0</occluded>
        <difficult>0</difficult>
        <bndbox>
            <xmin>212</xmin>
            <ymin>162</ymin>
            <xmax>216</xmax>
            <ymax>167</ymax>
        </bndbox>
    </object>
    <object>
        <name>car</name>
        <pose>Unspecified</pose>
        <truncated>0</truncated>
        <occluded>0</occluded>
        <difficult>0</difficult>
        <bndbox>
            <xmin>262</xmin>
            <ymin>169</ymin>
            <xmax>267</xmax>
            <ymax>173</ymax>
        </bndbox>
    </object>
    <object>
        <name>car</name>
        <pose>Unspecified</pose>
        <truncated>0</truncated>
        <occluded>0</occluded>
        <difficult>0</difficult>
        <bndbox>
            <xmin>255</xmin>
            <ymin>168</ymin>
            <xmax>260</xmax>
            <ymax>171</ymax>
        </bndbox>
    </object>
    <object>
        <name>car</name>
        <pose>Unspecified</pose>
        <truncated>0</truncated>
        <occluded>0</occluded>
        <difficult>0</difficult>
        <bndbox>
            <xmin>249</xmin>
            <ymin>167</ymin>
            <xmax>254</xmax>
            <ymax>171</ymax>
        </bndbox>
    </object>
    <object>
        <name>car</name>
        <pose>Unspecified</pose>
        <truncated>0</truncated>
        <occluded>0</occluded>
        <difficult>0</difficult>
        <bndbox>
            <xmin>246</xmin>
            <ymin>169</ymin>
            <xmax>251</xmax>
            <ymax>173</ymax>
        </bndbox>
    </object>
    <object>
        <name>car</name>
        <pose>Unspecified</pose>
        <truncated>0</truncated>
        <occluded>0</occluded>
        <difficult>0</difficult>
        <bndbox>
            <xmin>240</xmin>
            <ymin>169</ymin>
            <xmax>245</xmax>
            <ymax>171</ymax>
        </bndbox>
    </object>
    <object>
        <name>car</name>
        <pose>Unspecified</pose>
        <truncated>0</truncated>
        <occluded>0</occluded>
        <difficult>0</difficult>
        <bndbox>
            <xmin>241</xmin>
            <ymin>169</ymin>
            <xmax>251</xmax>
            <ymax>181</ymax>
        </bndbox>
    </object>
    <object>
        <name>car</name>
        <pose>Unspecified</pose>
        <truncated>0</truncated>
        <occluded>0</occluded>
        <difficult>0</difficult>
        <bndbox>
            <xmin>265</xmin>
            <ymin>170</ymin>
            <xmax>273</xmax>
            <ymax>176</ymax>
        </bndbox>
    </object>
    <object>
        <name>car</name>
        <pose>Unspecified</pose>
        <truncated>0</truncated>
        <occluded>0</occluded>
        <difficult>0</difficult>
        <bndbox>
            <xmin>274</xmin>
            <ymin>174</ymin>
            <xmax>283</xmax>
            <ymax>182</ymax>
        </bndbox>
    </object>
    <object>
        <name>car</name>
        <pose>Unspecified</pose>
        <truncated>0</truncated>
        <occluded>0</occluded>
        <difficult>0</difficult>
        <bndbox>
            <xmin>280</xmin>
            <ymin>174</ymin>
            <xmax>291</xmax>
            <ymax>185</ymax>
        </bndbox>
    </object>
    <object>
        <name>car</name>
        <pose>Unspecified</pose>
        <truncated>0</truncated>
        <occluded>0</occluded>
        <difficult>0</difficult>
        <bndbox>
            <xmin>289</xmin>
            <ymin>172</ymin>
            <xmax>301</xmax>
            <ymax>188</ymax>
        </bndbox>
    </object>
    <object>
        <name>car</name>
        <pose>Unspecified</pose>
        <truncated>0</truncated>
        <occluded>0</occluded>
        <difficult>0</difficult>
        <bndbox>
            <xmin>294</xmin>
            <ymin>173</ymin>
            <xmax>316</xmax>
            <ymax>191</ymax>
        </bndbox>
    </object>
    <object>
        <name>car</name>
        <pose>Unspecified</pose>
        <truncated>0</truncated>
        <occluded>0</occluded>
        <difficult>0</difficult>
        <bndbox>
            <xmin>311</xmin>
            <ymin>172</ymin>
            <xmax>348</xmax>
            <ymax>200</ymax>
        </bndbox>
    </object>
    <object>
        <name>car</name>
        <pose>Unspecified</pose>
        <truncated>0</truncated>
        <occluded>0</occluded>
        <difficult>0</difficult>
        <bndbox>
            <xmin>337</xmin>
            <ymin>173</ymin>
            <xmax>394</xmax>
            <ymax>211</ymax>
        </bndbox>
    </object>
    <object>
        <name>car</name>
        <pose>Unspecified</pose>
        <truncated>0</truncated>
        <occluded>0</occluded>
        <difficult>0</difficult>
        <bndbox>
            <xmin>364</xmin>
            <ymin>182</ymin>
            <xmax>425</xmax>
            <ymax>228</ymax>
        </bndbox>
    </object>
    <object>
        <name>car</name>
        <pose>Unspecified</pose>
        <truncated>0</truncated>
        <occluded>0</occluded>
        <difficult>0</difficult>
        <bndbox>
            <xmin>254</xmin>
            <ymin>171</ymin>
            <xmax>263</xmax>
            <ymax>181</ymax>
        </bndbox>
    </object>
    <object>
        <name>car</name>
        <pose>Unspecified</pose>
        <truncated>0</truncated>
        <occluded>0</occluded>
        <difficult>0</difficult>
        <bndbox>
            <xmin>239</xmin>
            <ymin>172</ymin>
            <xmax>246</xmax>
            <ymax>179</ymax>
        </bndbox>
    </object>
    <object>
        <name>car</name>
        <pose>Unspecified</pose>
        <truncated>0</truncated>
        <occluded>0</occluded>
        <difficult>0</difficult>
        <bndbox>
            <xmin>215</xmin>
            <ymin>167</ymin>
            <xmax>230</xmax>
            <ymax>180</ymax>
        </bndbox>
    </object>
    <object>
        <name>car</name>
        <pose>Unspecified</pose>
        <truncated>0</truncated>
        <occluded>0</occluded>
        <difficult>0</difficult>
        <bndbox>
            <xmin>209</xmin>
            <ymin>169</ymin>
            <xmax>216</xmax>
            <ymax>176</ymax>
        </bndbox>
    </object>
    <object>
        <name>car</name>
        <pose>Unspecified</pose>
        <truncated>0</truncated>
        <occluded>0</occluded>
        <difficult>0</difficult>
        <bndbox>
            <xmin>169</xmin>
            <ymin>164</ymin>
            <xmax>178</xmax>
            <ymax>169</ymax>
        </bndbox>
    </object>
    <object>
        <name>car</name>
        <pose>Unspecified</pose>
        <truncated>0</truncated>
        <occluded>0</occluded>
        <difficult>0</difficult>
        <bndbox>
            <xmin>150</xmin>
            <ymin>164</ymin>
            <xmax>159</xmax>
            <ymax>169</ymax>
        </bndbox>
    </object>
    <object>
        <name>car</name>
        <pose>Unspecified</pose>
        <truncated>0</truncated>
        <occluded>0</occluded>
        <difficult>0</difficult>
        <bndbox>
            <xmin>159</xmin>
            <ymin>164</ymin>
            <xmax>167</xmax>
            <ymax>169</ymax>
        </bndbox>
    </object>
    <object>
        <name>car</name>
        <pose>Unspecified</pose>
        <truncated>0</truncated>
        <occluded>0</occluded>
        <difficult>0</difficult>
        <bndbox>
            <xmin>162</xmin>
            <ymin>167</ymin>
            <xmax>174</xmax>
            <ymax>173</ymax>
        </bndbox>
    </object>
    <object>
        <name>car</name>
        <pose>Unspecified</pose>
        <truncated>0</truncated>
        <occluded>0</occluded>
        <difficult>0</difficult>
        <bndbox>
            <xmin>130</xmin>
            <ymin>165</ymin>
            <xmax>148</xmax>
            <ymax>176</ymax>
        </bndbox>
    </object>
    <object>
        <name>car</name>
        <pose>Unspecified</pose>
        <truncated>0</truncated>
        <occluded>0</occluded>
        <difficult>0</difficult>
        <bndbox>
            <xmin>148</xmin>
            <ymin>169</ymin>
            <xmax>162</xmax>
            <ymax>178</ymax>
        </bndbox>
    </object>
    <object>
        <name>car</name>
        <pose>Unspecified</pose>
        <truncated>0</truncated>
        <occluded>0</occluded>
        <difficult>0</difficult>
        <bndbox>
            <xmin>176</xmin>
            <ymin>163</ymin>
            <xmax>184</xmax>
            <ymax>170</ymax>
        </bndbox>
    </object>
    <object>
        <name>person</name>
        <pose>Unspecified</pose>
        <truncated>0</truncated>
        <occluded>0</occluded>
        <difficult>0</difficult>
        <bndbox>
            <xmin>61</xmin>
            <ymin>162</ymin>
            <xmax>67</xmax>
            <ymax>171</ymax>
        </bndbox>
    </object>
    <object>
        <name>person</name>
        <pose>Unspecified</pose>
        <truncated>0</truncated>
        <occluded>0</occluded>
        <difficult>0</difficult>
        <bndbox>
            <xmin>67</xmin>
            <ymin>162</ymin>
            <xmax>73</xmax>
            <ymax>172</ymax>
        </bndbox>
    </object>
    <object>
        <name>person</name>
        <pose>Unspecified</pose>
        <truncated>0</truncated>
        <occluded>0</occluded>
        <difficult>0</difficult>
        <bndbox>
            <xmin>42</xmin>
            <ymin>160</ymin>
            <xmax>48</xmax>
            <ymax>174</ymax>
        </bndbox>
    </object>
    <object>
        <name>person</name>
        <pose>Unspecified</pose>
        <truncated>0</truncated>
        <occluded>0</occluded>
        <difficult>0</difficult>
        <bndbox>
            <xmin>48</xmin>
            <ymin>164</ymin>
            <xmax>53</xmax>
            <ymax>174</ymax>
        </bndbox>
    </object>
    <object>
        <name>person</name>
        <pose>Unspecified</pose>
        <truncated>0</truncated>
        <occluded>0</occluded>
        <difficult>0</difficult>
        <bndbox>
            <xmin>39</xmin>
            <ymin>163</ymin>
            <xmax>43</xmax>
            <ymax>173</ymax>
        </bndbox>
    </object>
    <object>
        <name>person</name>
        <pose>Unspecified</pose>
        <truncated>0</truncated>
        <occluded>0</occluded>
        <difficult>0</difficult>
        <bndbox>
            <xmin>395</xmin>
            <ymin>176</ymin>
            <xmax>401</xmax>
            <ymax>183</ymax>
        </bndbox>
    </object>
    <object>
        <name>car</name>
        <pose>Unspecified</pose>
        <truncated>0</truncated>
        <occluded>0</occluded>
        <difficult>0</difficult>
        <bndbox>
            <xmin>219</xmin>
            <ymin>171</ymin>
            <xmax>240</xmax>
            <ymax>187</ymax>
        </bndbox>
    </object>
    <object>
        <name>car</name>
        <pose>Unspecified</pose>
        <truncated>0</truncated>
        <occluded>0</occluded>
        <difficult>0</difficult>
        <bndbox>
            <xmin>401</xmin>
            <ymin>167</ymin>
            <xmax>589</xmax>
            <ymax>273</ymax>
        </bndbox>
    </object>
    <object>
        <name>car</name>
        <pose>Unspecified</pose>
        <truncated>0</truncated>
        <occluded>0</occluded>
        <difficult>0</difficult>
        <bndbox>
            <xmin>584</xmin>
            <ymin>195</ymin>
            <xmax>598</xmax>
            <ymax>237</ymax>
        </bndbox>
    </object>
</annotation>