
<annotation>
    <folder>images</folder>
    <filename>roadsigns14852.png</filename>
    <size>
        <width>600</width>
        <height>337</height>
        <depth>3</depth>
    </size>
    <segmented>0</segmented>
    <object>
        <name>traffic light</name>
        <pose>Unspecified</pose>
        <truncated>0</truncated>
        <occluded>0</occluded>
        <difficult>0</difficult>
        <bndbox>
            <xmin>269</xmin>
            <ymin>120</ymin>
            <xmax>272</xmax>
            <ymax>128</ymax>
        </bndbox>
    </object>
    <object>
        <name>traffic light</name>
        <pose>Unspecified</pose>
        <truncated>0</truncated>
        <occluded>0</occluded>
        <difficult>0</difficult>
        <bndbox>
            <xmin>196</xmin>
            <ymin>116</ymin>
            <xmax>201</xmax>
            <ymax>126</ymax>
        </bndbox>
    </object>
    <object>
        <name>traffic light</name>
        <pose>Unspecified</pose>
        <truncated>0</truncated>
        <occluded>0</occluded>
        <difficult>0</difficult>
        <bndbox>
            <xmin>174</xmin>
            <ymin>145</ymin>
            <xmax>180</xmax>
            <ymax>150</ymax>
        </bndbox>
    </object>
    <object>
        <name>traffic light</name>
        <pose>Unspecified</pose>
        <truncated>0</truncated>
        <occluded>0</occluded>
        <difficult>0</difficult>
        <bndbox>
            <xmin>201</xmin>
            <ymin>118</ymin>
            <xmax>207</xmax>
            <ymax>126</ymax>
        </bndbox>
    </object>
    <object>
        <name>traffic light</name>
        <pose>Unspecified</pose>
        <truncated>0</truncated>
        <occluded>0</occluded>
        <difficult>0</difficult>
        <bndbox>
            <xmin>273</xmin>
            <ymin>120</ymin>
            <xmax>277</xmax>
            <ymax>129</ymax>
        </bndbox>
    </object>
    <object>
        <name>traffic sign</name>
        <pose>Unspecified</pose>
        <truncated>0</truncated>
        <occluded>0</occluded>
        <difficult>0</difficult>
        <bndbox>
            <xmin>319</xmin>
            <ymin>128</ymin>
            <xmax>326</xmax>
            <ymax>132</ymax>
        </bndbox>
    </object>
    <object>
        <name>traffic sign</name>
        <pose>Unspecified</pose>
        <truncated>0</truncated>
        <occluded>0</occluded>
        <difficult>0</difficult>
        <bndbox>
            <xmin>312</xmin>
            <ymin>132</ymin>
            <xmax>324</xmax>
            <ymax>136</ymax>
        </bndbox>
    </object>
    <object>
        <name>traffic sign</name>
        <pose>Unspecified</pose>
        <truncated>0</truncated>
        <occluded>0</occluded>
        <difficult>0</difficult>
        <bndbox>
            <xmin>174</xmin>
            <ymin>134</ymin>
            <xmax>183</xmax>
            <ymax>139</ymax>
        </bndbox>
    </object>
    <object>
        <name>traffic sign</name>
        <pose>Unspecified</pose>
        <truncated>0</truncated>
        <occluded>0</occluded>
        <difficult>0</difficult>
        <bndbox>
            <xmin>220</xmin>
            <ymin>140</ymin>
            <xmax>227</xmax>
            <ymax>146</ymax>
        </bndbox>
    </object>
    <object>
        <name>traffic light</name>
        <pose>Unspecified</pose>
        <truncated>0</truncated>
        <occluded>0</occluded>
        <difficult>0</difficult>
        <bndbox>
            <xmin>228</xmin>
            <ymin>139</ymin>
            <xmax>232</xmax>
            <ymax>145</ymax>
        </bndbox>
    </object>
    <object>
        <name>traffic sign</name>
        <pose>Unspecified</pose>
        <truncated>0</truncated>
        <occluded>0</occluded>
        <difficult>0</difficult>
        <bndbox>
            <xmin>423</xmin>
            <ymin>142</ymin>
            <xmax>428</xmax>
            <ymax>150</ymax>
        </bndbox>
    </object>
    <object>
        <name>person</name>
        <pose>Unspecified</pose>
        <truncated>0</truncated>
        <occluded>0</occluded>
        <difficult>0</difficult>
        <bndbox>
            <xmin>447</xmin>
            <ymin>147</ymin>
            <xmax>458</xmax>
            <ymax>178</ymax>
        </bndbox>
    </object>
    <object>
        <name>person</name>
        <pose>Unspecified</pose>
        <truncated>0</truncated>
        <occluded>0</occluded>
        <difficult>0</difficult>
        <bndbox>
            <xmin>491</xmin>
            <ymin>139</ymin>
            <xmax>514</xmax>
            <ymax>196</ymax>
        </bndbox>
    </object>
    <object>
        <name>car</name>
        <pose>Unspecified</pose>
        <truncated>0</truncated>
        <occluded>0</occluded>
        <difficult>0</difficult>
        <bndbox>
            <xmin>218</xmin>
            <ymin>151</ymin>
            <xmax>228</xmax>
            <ymax>166</ymax>
        </bndbox>
    </object>
    <object>
        <name>truck</name>
        <pose>Unspecified</pose>
        <truncated>0</truncated>
        <occluded>0</occluded>
        <difficult>0</difficult>
        <bndbox>
            <xmin>271</xmin>
            <ymin>139</ymin>
            <xmax>297</xmax>
            <ymax>167</ymax>
        </bndbox>
    </object>
    <object>
        <name>bus</name>
        <pose>Unspecified</pose>
        <truncated>0</truncated>
        <occluded>0</occluded>
        <difficult>0</difficult>
        <bndbox>
            <xmin>202</xmin>
            <ymin>141</ymin>
            <xmax>220</xmax>
            <ymax>153</ymax>
        </bndbox>
    </object>
    <object>
        <name>car</name>
        <pose>Unspecified</pose>
        <truncated>0</truncated>
        <occluded>0</occluded>
        <difficult>0</difficult>
        <bndbox>
            <xmin>191</xmin>
            <ymin>150</ymin>
            <xmax>221</xmax>
            <ymax>174</ymax>
        </bndbox>
    </object>
    <object>
        <name>car</name>
        <pose>Unspecified</pose>
        <truncated>0</truncated>
        <occluded>0</occluded>
        <difficult>0</difficult>
        <bndbox>
            <xmin>223</xmin>
            <ymin>143</ymin>
            <xmax>272</xmax>
            <ymax>186</ymax>
        </bndbox>
    </object>
    <object>
        <name>truck</name>
        <pose>Unspecified</pose>
        <truncated>0</truncated>
        <occluded>0</occluded>
        <difficult>0</difficult>
        <bndbox>
            <xmin>298</xmin>
            <ymin>135</ymin>
            <xmax>355</xmax>
            <ymax>183</ymax>
        </bndbox>
    </object>
    <object>
        <name>bus</name>
        <pose>Unspecified</pose>
        <truncated>0</truncated>
        <occluded>0</occluded>
        <difficult>0</difficult>
        <bndbox>
            <xmin>0</xmin>
            <ymin>20</ymin>
            <xmax>166</xmax>
            <ymax>218</ymax>
        </bndbox>
    </object>
    <object>
        <name>car</name>
        <pose>Unspecified</pose>
        <truncated>0</truncated>
        <occluded>0</occluded>
        <difficult>0</difficult>
        <bndbox>
            <xmin>362</xmin>
            <ymin>154</ymin>
            <xmax>383</xmax>
            <ymax>167</ymax>
        </bndbox>
    </object>
</annotation>